{
  "initial_loss": 0.8416005969047546,
  "final_loss": 0.03378305211663246,
  "min_loss": 0.03276452794671059,
  "seconds": 911.1153638362885,
  "n_params": 360544
}