{
  "initial_loss": 1.0,
  "final_loss": 0.9480457305908203,
  "min_loss": 0.9104849696159363,
  "seconds": 7.387705087661743,
  "n_params": 200
}