{
  "initial_loss": 1.0,
  "final_loss": 0.9096497893333435,
  "min_loss": 0.862140417098999,
  "seconds": 7.272763967514038,
  "n_params": 200
}