{
  "initial_loss": 0.08679480105638504,
  "final_loss": 0.05557907000184059,
  "min_loss": 0.05557907000184059,
  "seconds": 6.991521835327148,
  "n_params": 200
}