{
  "initial_loss": 0.9344758987426758,
  "final_loss": 0.03263548016548157,
  "min_loss": 0.03263548016548157,
  "seconds": 543.8131358623505,
  "n_params": 360544
}