{
  "initial_loss": 1.4910979270935059,
  "final_loss": 0.6655037999153137,
  "min_loss": 0.6250249743461609,
  "seconds": 6.967734098434448,
  "n_params": 111616
}