{
  "initial_loss": 1.4727550745010376,
  "final_loss": 0.6178041696548462,
  "min_loss": 0.6041183471679688,
  "seconds": 7.263637065887451,
  "n_params": 111616
}