{
  "initial_loss": 3.0901994705200195,
  "final_loss": 1.0080254077911377,
  "min_loss": 0.9932191967964172,
  "seconds": 339.7085208892822,
  "n_params": 360544
}