{
  "initial_loss": 3.0901994705200195,
  "final_loss": 0.9683399200439453,
  "min_loss": 0.9598058462142944,
  "seconds": 556.4792649745941,
  "n_params": 360544
}