{
  "initial_loss": 3878547968.0,
  "final_loss": 2056.005615234375,
  "min_loss": 2056.005615234375,
  "seconds": 558.5015699863434,
  "n_params": 360544
}