{
  "initial_loss": 2.5594875812530518,
  "final_loss": 0.8680591583251953,
  "min_loss": 0.7899531722068787,
  "seconds": 8.7363760471344,
  "n_params": 96288
}