{
  "initial_loss": 3.0579299926757812,
  "final_loss": 0.3645535707473755,
  "min_loss": 0.3645535707473755,
  "seconds": 10.692153215408325,
  "n_params": 96256
}