{
  "initial_loss": 2.3750619888305664,
  "final_loss": 0.8489580750465393,
  "min_loss": 0.8128688931465149,
  "seconds": 9.27447509765625,
  "n_params": 96288
}