{
  "initial_loss": 1.2142449617385864,
  "final_loss": 1.0581011772155762,
  "min_loss": 0.997931718826294,
  "seconds": 7.4092419147491455,
  "n_params": 200
}