{
  "initial_loss": 1.216965675354004,
  "final_loss": 1.1259618997573853,
  "min_loss": 1.0665091276168823,
  "seconds": 8.649538040161133,
  "n_params": 200
}