{
  "initial_loss": 0.19788037240505219,
  "final_loss": 0.1556480973958969,
  "min_loss": 0.1556480973958969,
  "seconds": 8.026458024978638,
  "n_params": 200
}