{
  "initial_loss": 0.8416005969047546,
  "final_loss": 0.041932493448257446,
  "min_loss": 0.041915763169527054,
  "seconds": 408.8148248195648,
  "n_params": 360544
}