{
  "tokenizer": "dilated_cnn",
  "loss": "mse",
  "n_params": 360544,
  "initial_loss": 2.8975989818573,
  "final_loss": 0.1740173101425171,
  "min_loss": 0.1740173101425171,
  "steps": 200,
  "seconds": 108.26407718658447,
  "loss_trace": [
    [
      1,
      2.8975989818573
    ],
    [
      2,
      2.4528188705444336
    ],
    [
      3,
      2.204843521118164
    ],
    [
      4,
      1.8916736841201782
    ],
    [
      5,
      1.7359925508499146
    ],
    [
      6,
      1.6330772638320923
    ],
    [
      7,
      1.5680402517318726
    ],
    [
      8,
      1.5368295907974243
    ],
    [
      9,
      1.5025609731674194
    ],
    [
      10,
      1.44964599609375
    ],
    [
      11,
      1.3941669464111328
    ],
    [
      12,
      1.3524047136306763
    ],
    [
      13,
      1.3201714754104614
    ],
    [
      14,
      1.2854558229446411
    ],
    [
      15,
      1.2472217082977295
    ],
    [
      16,
      1.2141369581222534
    ],
    [
      17,
      1.192362904548645
    ],
    [
      18,
      1.1785780191421509
    ],
    [
      19,
      1.1651760339736938
    ],
    [
      20,
      1.1489620208740234
    ],
    [
      21,
      1.132548451423645
    ],
    [
      22,
      1.1199227571487427
    ],
    [
      23,
      1.1118828058242798
    ],
    [
      24,
      1.1047598123550415
    ],
    [
      25,
      1.094903588294983
    ],
    [
      26,
      1.083377718925476
    ],
    [
      27,
      1.073630928993225
    ],
    [
      28,
      1.0671247243881226
    ],
    [
      29,
      1.0623403787612915
    ],
    [
      30,
      1.0567020177841187
    ],
    [
      31,
      1.0494431257247925
    ],
    [
      32,
      1.0417178869247437
    ],
    [
      33,
      1.0351660251617432
    ],
    [
      34,
      1.0298887491226196
    ],
    [
      35,
      1.0243905782699585
    ],
    [
      36,
      1.0178189277648926
    ],
    [
      37,
      1.0108890533447266
    ],
    [
      38,
      1.0043727159500122
    ],
    [
      39,
      0.997992992401123
    ],
    [
      40,
      0.9910733699798584
    ],
    [
      41,
      0.9833354949951172
    ],
    [
      42,
      0.9748910069465637
    ],
    [
      43,
      0.9659484028816223
    ],
    [
      44,
      0.9565336108207703
    ],
    [
      45,
      0.9464789032936096
    ],
    [
      46,
      0.9355096817016602
    ],
    [
      47,
      0.9234851002693176
    ],
    [
      48,
      0.910422146320343
    ],
    [
      49,
      0.8964889645576477
    ],
    [
      50,
      0.8817622065544128
    ],
    [
      51,
      0.8662253022193909
    ],
    [
      52,
      0.8498610854148865
    ],
    [
      53,
      0.8328208327293396
    ],
    [
      54,
      0.8153531551361084
    ],
    [
      55,
      0.7977056503295898
    ],
    [
      56,
      0.7800610661506653
    ],
    [
      57,
      0.7625576853752136
    ],
    [
      58,
      0.7453286647796631
    ],
    [
      59,
      0.7284874320030212
    ],
    [
      60,
      0.7120968699455261
    ],
    [
      61,
      0.6961084008216858
    ],
    [
      62,
      0.6803733706474304
    ],
    [
      63,
      0.6647451519966125
    ],
    [
      64,
      0.6491950154304504
    ],
    [
      65,
      0.6338360905647278
    ],
    [
      66,
      0.618832528591156
    ],
    [
      67,
      0.6043277382850647
    ],
    [
      68,
      0.5904396176338196
    ],
    [
      69,
      0.5772433876991272
    ],
    [
      70,
      0.5647232532501221
    ],
    [
      71,
      0.5527758002281189
    ],
    [
      72,
      0.5412904620170593
    ],
    [
      73,
      0.5302121043205261
    ],
    [
      74,
      0.519540548324585
    ],
    [
      75,
      0.5093104839324951
    ],
    [
      76,
      0.49954327940940857
    ],
    [
      77,
      0.49021124839782715
    ],
    [
      78,
      0.4812675416469574
    ],
    [
      79,
      0.472680926322937
    ],
    [
      80,
      0.46442779898643494
    ],
    [
      81,
      0.456478089094162
    ],
    [
      82,
      0.4487956464290619
    ],
    [
      83,
      0.44134536385536194
    ],
    [
      84,
      0.43409910798072815
    ],
    [
      85,
      0.4270406663417816
    ],
    [
      86,
      0.42017075419425964
    ],
    [
      87,
      0.4135020971298218
    ],
    [
      88,
      0.4070427715778351
    ],
    [
      89,
      0.4007852375507355
    ],
    [
      90,
      0.39471450448036194
    ],
    [
      91,
      0.3888247311115265
    ],
    [
      92,
      0.3831240236759186
    ],
    [
      93,
      0.3776194155216217
    ],
    [
      94,
      0.3723069727420807
    ],
    [
      95,
      0.36718252301216125
    ],
    [
      96,
      0.36224648356437683
    ],
    [
      97,
      0.3574947118759155
    ],
    [
      98,
      0.35291925072669983
    ],
    [
      99,
      0.3485160768032074
    ],
    [
      100,
      0.3442830741405487
    ],
    [
      101,
      0.34021639823913574
    ],
    [
      102,
      0.33631381392478943
    ],
    [
      103,
      0.3325749635696411
    ],
    [
      104,
      0.3289959728717804
    ],
    [
      105,
      0.3255672752857208
    ],
    [
      106,
      0.3222808539867401
    ],
    [
      107,
      0.3191303312778473
    ],
    [
      108,
      0.3161084055900574
    ],
    [
      109,
      0.31321075558662415
    ],
    [
      110,
      0.31043541431427
    ],
    [
      111,
      0.3077758848667145
    ],
    [
      112,
      0.30522122979164124
    ],
    [
      113,
      0.30276191234588623
    ],
    [
      114,
      0.30038997530937195
    ],
    [
      115,
      0.29809755086898804
    ],
    [
      116,
      0.2958776652812958
    ],
    [
      117,
      0.29372379183769226
    ],
    [
      118,
      0.29162952303886414
    ],
    [
      119,
      0.2895897924900055
    ],
    [
      120,
      0.28759846091270447
    ],
    [
      121,
      0.2856477200984955
    ],
    [
      122,
      0.28373268246650696
    ],
    [
      123,
      0.28185009956359863
    ],
    [
      124,
      0.2799960672855377
    ],
    [
      125,
      0.2781665623188019
    ],
    [
      126,
      0.27635660767555237
    ],
    [
      127,
      0.27456173300743103
    ],
    [
      128,
      0.2727794349193573
    ],
    [
      129,
      0.2710071802139282
    ],
    [
      130,
      0.26924243569374084
    ],
    [
      131,
      0.26748308539390564
    ],
    [
      132,
      0.265726774930954
    ],
    [
      133,
      0.26397231221199036
    ],
    [
      134,
      0.26221832633018494
    ],
    [
      135,
      0.2604639530181885
    ],
    [
      136,
      0.258709192276001
    ],
    [
      137,
      0.25695380568504333
    ],
    [
      138,
      0.2551972568035126
    ],
    [
      139,
      0.25343945622444153
    ],
    [
      140,
      0.2516809403896332
    ],
    [
      141,
      0.24992257356643677
    ],
    [
      142,
      0.2481648474931717
    ],
    [
      143,
      0.2464083433151245
    ],
    [
      144,
      0.2446538209915161
    ],
    [
      145,
      0.24290257692337036
    ],
    [
      146,
      0.2411559820175171
    ],
    [
      147,
      0.23941510915756226
    ],
    [
      148,
      0.23768113553524017
    ],
    [
      149,
      0.23595547676086426
    ],
    [
      150,
      0.23423953354358673
    ],
    [
      151,
      0.23253460228443146
    ],
    [
      152,
      0.23084194958209991
    ],
    [
      153,
      0.2291628122329712
    ],
    [
      154,
      0.22749841213226318
    ],
    [
      155,
      0.22585000097751617
    ],
    [
      156,
      0.22421862185001373
    ],
    [
      157,
      0.22260570526123047
    ],
    [
      158,
      0.22101342678070068
    ],
    [
      159,
      0.21944934129714966
    ],
    [
      160,
      0.21794669330120087
    ],
