{
  "initial_loss": 2.8975989818573,
  "final_loss": 0.1740173101425171,
  "min_loss": 0.1740173101425171,
  "seconds": 108.26407718658447,
  "n_params": 360544
}