{
  "initial_loss": 2.3501546382904053,
  "final_loss": 0.5167474746704102,
  "min_loss": 0.49187639355659485,
  "seconds": 47.196343183517456,
  "n_params": 111616
}