{
  "initial_loss": 2.4822494983673096,
  "final_loss": 0.08763798326253891,
  "min_loss": 0.08709419518709183,
  "seconds": 48.68940591812134,
  "n_params": 111584
}