{
  "initial_loss": 2.4491794109344482,
  "final_loss": 0.5095384120941162,
  "min_loss": 0.4820291996002197,
  "seconds": 47.08864116668701,
  "n_params": 111616
}