{
  "initial_loss": 1.9829381704330444,
  "final_loss": 1.2701098918914795,
  "min_loss": 1.2701098918914795,
  "seconds": 9.684020042419434,
  "n_params": 200
}