{
  "initial_loss": 0.8991420865058899,
  "final_loss": 0.9585350751876831,
  "min_loss": 0.7070352435112,
  "seconds": 8.8766450881958,
  "n_params": 200
}