{
  "initial_loss": 0.8663257360458374,
  "final_loss": 1.2871289253234863,
  "min_loss": 0.44094112515449524,
  "seconds": 8.036249876022339,
  "n_params": 200
}