{
  "initial_loss": 2.4143502712249756,
  "final_loss": 0.0851169303059578,
  "min_loss": 0.0851169303059578,
  "seconds": 6.44320011138916,
  "n_params": 111616
}