{
  "initial_loss": 3.0579299926757812,
  "final_loss": 0.16124571859836578,
  "min_loss": 0.16025054454803467,
  "seconds": 21.239853143692017,
  "n_params": 96256
}