{
  "initial_loss": 3.2792751789093018,
  "final_loss": 0.94777911901474,
  "min_loss": 0.9090825915336609,
  "seconds": 9.326559066772461,
  "n_params": 130080
}