{
  "initial_loss": 3.6729018688201904,
  "final_loss": 0.9600741267204285,
  "min_loss": 0.9261667132377625,
  "seconds": 9.027468204498291,
  "n_params": 130080
}