{
  "initial_loss": 12.03683090209961,
  "final_loss": 0.40765294432640076,
  "min_loss": 0.40765294432640076,
  "seconds": 10.573863983154297,
  "n_params": 130048
}