{
  "initial_loss": 22.36620330810547,
  "final_loss": 22.450231552124023,
  "min_loss": 22.09054183959961,
  "seconds": 9.026643991470337,
  "n_params": 200
}