{
  "initial_loss": 22.538225173950195,
  "final_loss": 22.99435806274414,
  "min_loss": 21.85907554626465,
  "seconds": 8.091380834579468,
  "n_params": 200
}