{
  "initial_loss": 0.31556248664855957,
  "final_loss": 0.31403499841690063,
  "min_loss": 0.31328755617141724,
  "seconds": 10.286870956420898,
  "n_params": 200
}