{
  "initial_loss": 2.3304498195648193,
  "final_loss": 0.568817675113678,
  "min_loss": 0.5449153184890747,
  "seconds": 7.234931945800781,
  "n_params": 111616
}