{
  "initial_loss": 2.229332208633423,
  "final_loss": 0.524895966053009,
  "min_loss": 0.5190297365188599,
  "seconds": 8.169105052947998,
  "n_params": 111616
}