{
  "initial_loss": 23.904956817626953,
  "final_loss": 4.15647029876709,
  "min_loss": 4.15647029876709,
  "seconds": 964.8234050273895,
  "n_params": 360544
}