{
  "initial_loss": 2.9865360260009766,
  "final_loss": 1.100812554359436,
  "min_loss": 1.0952225923538208,
  "seconds": 7.642938137054443,
  "n_params": 111616
}