{
  "initial_loss": 3.0857903957366943,
  "final_loss": 1.1070683002471924,
  "min_loss": 1.093579888343811,
  "seconds": 8.25339412689209,
  "n_params": 111616
}