{
  "initial_loss": 9.876420517684892e-05,
  "final_loss": 9.876324475044385e-05,
  "min_loss": 9.876320109469816e-05,
  "seconds": 57.58867621421814,
  "n_params": 200
}