{
  "initial_loss": 0.37253889441490173,
  "final_loss": 0.3542121946811676,
  "min_loss": 0.34440961480140686,
  "seconds": 33.77544689178467,
  "n_params": 200
}