{
  "initial_loss": 0.37370583415031433,
  "final_loss": 0.34503984451293945,
  "min_loss": 0.32973915338516235,
  "seconds": 19.860029935836792,
  "n_params": 200
}