{
  "initial_loss": 0.04267318919301033,
  "final_loss": 0.027557319030165672,
  "min_loss": 0.027557319030165672,
  "seconds": 6.939027309417725,
  "n_params": 200
}