{
  "initial_loss": 0.4237675368785858,
  "final_loss": 0.39108356833457947,
  "min_loss": 0.37289753556251526,
  "seconds": 7.2413880825042725,
  "n_params": 200
}