{
  "initial_loss": 0.4219984710216522,
  "final_loss": 0.40046426653862,
  "min_loss": 0.3903423249721527,
  "seconds": 7.397386074066162,
  "n_params": 200
}