{
  "initial_loss": 1.2210372686386108,
  "final_loss": 0.5732893347740173,
  "min_loss": 0.564504086971283,
  "seconds": 6.623066186904907,
  "n_params": 111616
}