{
  "initial_loss": 1.2482471466064453,
  "final_loss": 0.5867952704429626,
  "min_loss": 0.5730012059211731,
  "seconds": 6.451338052749634,
  "n_params": 111616
}