{
  "initial_loss": 2.4143502712249756,
  "final_loss": 0.06877226382493973,
  "min_loss": 0.06781917065382004,
  "seconds": 15.85204005241394,
  "n_params": 111584
}