{
  "initial_loss": 3.0156564712524414,
  "final_loss": 0.6642064452171326,
  "min_loss": 0.6540155410766602,
  "seconds": 276.0167758464813,
  "n_params": 360576
}