{
  "initial_loss": 3.007587194442749,
  "final_loss": 0.7245901226997375,
  "min_loss": 0.7150295376777649,
  "seconds": 278.1506531238556,
  "n_params": 360576
}