{
  "initial_loss": 1.3574262857437134,
  "final_loss": 0.19670718908309937,
  "min_loss": 0.1965276002883911,
  "seconds": 287.1496741771698,
  "n_params": 360544
}