{
  "initial_loss": 21.87352752685547,
  "final_loss": 5.2044358253479,
  "min_loss": 4.982000827789307,
  "seconds": 9.57152795791626,
  "n_params": 111616
}