{
  "initial_loss": 22.11372947692871,
  "final_loss": 5.762436866760254,
  "min_loss": 4.671360015869141,
  "seconds": 8.105427980422974,
  "n_params": 111616
}