{
  "initial_loss": 0.08245507627725601,
  "final_loss": 0.053213074803352356,
  "min_loss": 0.053213074803352356,
  "seconds": 9.404313087463379,
  "n_params": 200
}