{
  "initial_loss": 10.417580604553223,
  "final_loss": 6.977566242218018,
  "min_loss": 6.413553237915039,
  "seconds": 9.88676929473877,
  "n_params": 200
}