{
  "initial_loss": 0.5192791819572449,
  "final_loss": 0.5192893743515015,
  "min_loss": 0.5191401243209839,
  "seconds": 10.910495042800903,
  "n_params": 200
}