{
  "initial_loss": 10.550726890563965,
  "final_loss": 7.6180620193481445,
  "min_loss": 5.576458930969238,
  "seconds": 8.710515975952148,
  "n_params": 200
}