{
  "initial_loss": 0.9344758987426758,
  "final_loss": 0.042814869433641434,
  "min_loss": 0.042814869433641434,
  "seconds": 303.5425429344177,
  "n_params": 360544
}