{
  "initial_loss": 12.03683090209961,
  "final_loss": 0.18625092506408691,
  "min_loss": 0.18625092506408691,
  "seconds": 20.142876863479614,
  "n_params": 130048
}