{
  "initial_loss": 0.09471897035837173,
  "final_loss": 0.09470891952514648,
  "min_loss": 0.09469536691904068,
  "seconds": 45.21643090248108,
  "n_params": 200
}