{
  "initial_loss": 3.2314093112945557,
  "final_loss": 3.6250827312469482,
  "min_loss": 2.734821081161499,
  "seconds": 17.196805000305176,
  "n_params": 200
}