{
  "initial_loss": 3.2020912170410156,
  "final_loss": 3.2079379558563232,
  "min_loss": 3.004425048828125,
  "seconds": 26.104258060455322,
  "n_params": 200
}