{
  "initial_loss": 0.19396071135997772,
  "final_loss": 0.15163002908229828,
  "min_loss": 0.15163002908229828,
  "seconds": 7.056127071380615,
  "n_params": 200
}