{
  "initial_loss": 0.7941234707832336,
  "final_loss": 0.766883373260498,
  "min_loss": 0.7543560862541199,
  "seconds": 7.4842848777771,
  "n_params": 200
}