{
  "initial_loss": 0.7961433529853821,
  "final_loss": 0.7580787539482117,
  "min_loss": 0.7312741279602051,
  "seconds": 7.444169044494629,
  "n_params": 200
}