{
  "initial_loss": 0.8312027454376221,
  "final_loss": 0.2605556547641754,
  "min_loss": 0.24229152500629425,
  "seconds": 9.094222784042358,
  "n_params": 111616
}