{
  "initial_loss": 0.8059444427490234,
  "final_loss": 0.24810440838336945,
  "min_loss": 0.24739961326122284,
  "seconds": 6.833617210388184,
  "n_params": 111616
}