{
  "initial_loss": 10.239668846130371,
  "final_loss": 0.035644251853227615,
  "min_loss": 0.022239305078983307,
  "seconds": 383.98272466659546,
  "n_params": 670080
}