{
  "initial_loss": 1.5833393335342407,
  "final_loss": 0.21361131966114044,
  "min_loss": 0.21043898165225983,
  "seconds": 357.0190660953522,
  "n_params": 360544
}