{
  "initial_loss": 987.6287231445312,
  "final_loss": 2.081569194793701,
  "min_loss": 2.000633955001831,
  "seconds": 7.881972312927246,
  "n_params": 111616
}