{
  "initial_loss": 1294.0177001953125,
  "final_loss": 2.5302741527557373,
  "min_loss": 1.951521635055542,
  "seconds": 7.537086009979248,
  "n_params": 111616
}