{
  "initial_loss": 12.94925308227539,
  "final_loss": 1.5053139925003052,
  "min_loss": 1.5042766332626343,
  "seconds": 627.2320690155029,
  "n_params": 360544
}