{
  "initial_loss": 2.8975989818573,
  "final_loss": 0.09759259968996048,
  "min_loss": 0.09733007103204727,
  "seconds": 277.2748260498047,
  "n_params": 360576
}