{
  "initial_loss": 10.239668846130371,
  "final_loss": 0.20029647648334503,
  "min_loss": 0.17278556525707245,
  "seconds": 38.12001895904541,
  "n_params": 670080
}