{
  "initial_loss": 1495.6138916015625,
  "final_loss": 2.3948872089385986,
  "min_loss": 2.3948872089385986,
  "seconds": 330.0686078071594,
  "n_params": 360544
}