{
  "initial_loss": 1.5833393335342407,
  "final_loss": 0.17928917706012726,
  "min_loss": 0.17928917706012726,
  "seconds": 570.5731620788574,
  "n_params": 360544
}