{
  "initial_loss": 0.7208265662193298,
  "final_loss": 0.22880201041698456,
  "min_loss": 0.22084207832813263,
  "seconds": 28.63929510116577,
  "n_params": 111616
}