{
  "initial_loss": 0.7449173927307129,
  "final_loss": 0.23194271326065063,
  "min_loss": 0.22347964346408844,
  "seconds": 19.093637943267822,
  "n_params": 111616
}