{
  "initial_loss": 4.133944034576416,
  "final_loss": 0.0664030984044075,
  "min_loss": 0.06634607166051865,
  "seconds": 21.40670371055603,
  "n_params": 164896
}