{
  "initial_loss": 11.414881706237793,
  "final_loss": 1.9081958532333374,
  "min_loss": 1.5583842992782593,
  "seconds": 17.444069862365723,
  "n_params": 111616
}