{
  "initial_loss": 11.04034423828125,
  "final_loss": 1.7223831415176392,
  "min_loss": 1.6413053274154663,
  "seconds": 26.610317945480347,
  "n_params": 111616
}