{
  "initial_loss": 2.813671350479126,
  "final_loss": 0.06875982880592346,
  "min_loss": 0.06875982880592346,
  "seconds": 1143.2077000141144,
  "n_params": 360544
}