{
  "initial_loss": 2.813671350479126,
  "final_loss": 0.09500875324010849,
  "min_loss": 0.09500875324010849,
  "seconds": 352.7171628475189,
  "n_params": 360544
}