{
  "initial_loss": 1.3574262857437134,
  "final_loss": 0.17401552200317383,
  "min_loss": 0.17401552200317383,
  "seconds": 552.4571270942688,
  "n_params": 360544
}