{
  "initial_loss": 2.4778060913085938,
  "final_loss": 0.45919618010520935,
  "min_loss": 0.431766539812088,
  "seconds": 9.02234697341919,
  "n_params": 164928
}