{
  "initial_loss": 2.528137445449829,
  "final_loss": 0.4196676015853882,
  "min_loss": 0.4074094593524933,
  "seconds": 9.596213102340698,
  "n_params": 164928
}