{
  "initial_loss": 4.133944034576416,
  "final_loss": 0.10632399469614029,
  "min_loss": 0.08984211832284927,
  "seconds": 11.228986024856567,
  "n_params": 164896
}