{
  "initial_loss": 2.8975989818573,
  "final_loss": 0.07019829005002975,
  "min_loss": 0.07019829005002975,
  "seconds": 578.2476539611816,
  "n_params": 360544
}