{
  "initial_loss": 2.4143502712249756,
  "final_loss": 0.0851169303059578,
  "min_loss": 0.0851169303059578,
  "seconds": 8.432828903198242,
  "n_params": 111584
}