{
  "initial_loss": 2.345248222351074,
  "final_loss": 0.5655664801597595,
  "min_loss": 0.5655664801597595,
  "seconds": 6.723438739776611,
  "n_params": 111616
}