{
  "initial_loss": 2.450798988342285,
  "final_loss": 0.618261992931366,
  "min_loss": 0.5810332298278809,
  "seconds": 6.372294902801514,
  "n_params": 111616
}