{
  "initial_loss": 23.904956817626953,
  "final_loss": 5.008121490478516,
  "min_loss": 4.988667011260986,
  "seconds": 344.5173830986023,
  "n_params": 360544
}