{
  "initial_loss": 2.4822494983673096,
  "final_loss": 0.06865569204092026,
  "min_loss": 0.06865569204092026,
  "seconds": 99.37413930892944,
  "n_params": 111584
}