{
  "initial_loss": 12.94925308227539,
  "final_loss": 1.6293760538101196,
  "min_loss": 1.6183820962905884,
  "seconds": 388.32024908065796,
  "n_params": 360544
}